Identifiant;Capacité;Consommation
15;85799285;126377037
12;122352561;135865532
5;131833110;154952517
14;122456466;156085333
2;382635838;161573683
10;200301465;162059108
16;3292711010;162638731
7;219778584;165184256
4;130918331;165708561
1;241999040;171359043
3;291629372;182429162
11;148178856;191674831
13;182709668;195738987
8;152279330;250466342
9;132508986;258728244
6;161908098;364272992
