Identifiant;Capicité;Consommation
1;241999040;171359043
2;382635838;161573683
3;291629372;182429162
4;130918331;165708561
5;131833110;154952517
6;161908098;364272992
7;219778584;165184256
8;152279330;250466342
9;132508986;258728244
10;200301465;162059108
11;148178856;191674831
12;122352561;135865532
13;182709668;195738987
14;122456466;156085333
15;85799285;126377037
16;3292711010;162638731
